
    <?xml version="1.0"?>

<root>
	<structure>
		<name>product</name>
		<description></description>
		<definition>
			<![CDATA[
				{
					"availableLanguageIds": [
						"en_US"
					],
					"defaultLanguageId": "en_US",
					"definitionSchemaVersion": "2.0",
					"fields": [
						{
							"confirmationErrorMessage": {
								"en_US": ""
							},
							"confirmationLabel": {
								"en_US": ""
							},
							"dataType": "string",
							"direction": [
								"vertical"
							],
							"displayStyle": "singleline",
							"fieldNamespace": "",
							"fieldReference": "name",
							"hideField": false,
							"indexType": "keyword",
							"label": {
								"en_US": "Name"
							},
							"labelAtStructureLevel": true,
							"localizable": true,
							"name": "name",
							"nativeField": false,
							"objectFieldName": "",
							"placeholder": {
								"en_US": ""
							},
							"predefinedValue": {
								"en_US": ""
							},
							"readOnly": false,
							"repeatable": false,
							"requireConfirmation": false,
							"required": false,
							"requiredErrorMessage": {
								"en_US": ""
							},
							"showLabel": true,
							"tip": {
								"en_US": ""
							},
							"tooltip": {
								"en_US": ""
							},
							"type": "text",
							"visibilityExpression": ""
						},
						{
							"confirmationErrorMessage": {
								"en_US": ""
							},
							"confirmationLabel": {
								"en_US": ""
							},
							"dataType": "image",
							"fieldNamespace": "",
							"fieldReference": "image",
							"hideField": false,
							"indexType": "text",
							"label": {
								"en_US": "Image"
							},
							"labelAtStructureLevel": true,
							"localizable": true,
							"name": "image",
							"nativeField": false,
							"objectFieldName": "",
							"placeholder": {
								"en_US": ""
							},
							"predefinedValue": {
								"en_US": ""
							},
							"readOnly": false,
							"repeatable": false,
							"requireConfirmation": false,
							"required": false,
							"requiredErrorMessage": {
								"en_US": ""
							},
							"showLabel": true,
							"tip": {
								"en_US": ""
							},
							"tooltip": {
								"en_US": ""
							},
							"type": "image",
							"visibilityExpression": ""
						}
					],
					"successPage": {
						"body": {
						},
						"enabled": false,
						"title": {
						}
					}
				}
			]]>
		</definition>
	</structure>
</root>