{
	"fieldSets": [
		{
			"fields": [
				{
                    "name": "defaultImage",
                    "label": "Default Image",
                    "description": "default image",
                    "type": "text",
                    "typeOptions": {
                        "placeholder": "Default Image"
                    },
                    "dataType": "string",
                    "defaultValue": "test"
                },
				{
					"dataType": "int",
					"defaultValue": "3",
					"label": "number-of-slides",
					"name": "numberOfSlides",
					"type": "text",
					"typeOptions": {
						"validation": {
							"min": 1,
							"type": "number"
						}
					}
				},
				{
					"defaultValue": "true",
					"label": "auto-hide-play-button",
					"name": "autoHidePlayButton",
					"type": "checkbox"
				}
			],
			"label": "slider-options"
		}
	]
}