{
  "com.liferay.oauth2.provider.configuration.OAuth2ProviderApplicationHeadlessServerConfiguration~liferay-telegram-etc-node-oauth-application-headless-server" : {
    ".serviceAddress" : "localhost:3001",
    ".serviceScheme" : "http",
    ":configurator:policy" : "force",
    "baseURL" : "${portalURL}/o/telegram-bots",
    "buildTimestamp" : 1725273260257,
    "description" : "",
    "dxp.lxc.liferay.com.virtualInstanceId" : "default",
    "homePageURL" : "$[conf:.serviceScheme]://$[conf:.serviceAddress]",
    "name" : "Liferay telegram Etc Node OAuth Application Headless Server",
    "projectId" : "telegrambots",
    "projectName" : "telegram-bots",
    "properties" : [ ],
    "scopes" : [ "c_telegrambot.everything", "c_telegramcommand.everything" ],
    "sourceCodeURL" : "",
    "type" : "oAuthApplicationHeadlessServer",
    "typeSettings" : [ ".serviceScheme=http", "userAccountScreenName=default-service-account", "scopes=c_telegrambot.everything\nc_telegramcommand.everything", ".serviceAddress=localhost:3001" ],
    "userAccountScreenName" : "default-service-account",
    "webContextPath" : "/telegram-bots"
  },
  "com.liferay.oauth2.provider.configuration.OAuth2ProviderApplicationUserAgentConfiguration~liferay-telegram-etc-node-oauth-application-user-agent" : {
    ".serviceAddress" : "localhost:3001",
    ".serviceScheme" : "http",
    ":configurator:policy" : "force",
    "baseURL" : "${portalURL}/o/telegram-bots",
    "buildTimestamp" : 1725273260257,
    "description" : "",
    "dxp.lxc.liferay.com.virtualInstanceId" : "default",
    "homePageURL" : "$[conf:.serviceScheme]://$[conf:.serviceAddress]",
    "name" : "Liferay Telegram Etc Node OAuth Application User Agent",
    "projectId" : "telegrambots",
    "projectName" : "telegram-bots",
    "properties" : [ ],
    "sourceCodeURL" : "",
    "type" : "oAuthApplicationUserAgent",
    "typeSettings" : [ ".serviceScheme=http", ".serviceAddress=localhost:3001" ],
    "webContextPath" : "/telegram-bots"
  },
  "com.liferay.object.internal.configuration.FunctionObjectActionExecutorImplConfiguration~liferay-telegram-etc-node-object-action-bot-registered" : {
    ":configurator:policy" : "force",
    "baseURL" : "${portalURL}/o/telegram-bots",
    "buildTimestamp" : 1725273260257,
    "description" : "",
    "dxp.lxc.liferay.com.virtualInstanceId" : "default",
    "name" : "Liferay Telegram Node Object Action Bot Registered",
    "oAuth2ApplicationExternalReferenceCode" : "liferay-telegram-etc-node-oauth-application-user-agent",
    "projectId" : "telegrambots",
    "projectName" : "telegram-bots",
    "properties" : [ ],
    "resourcePath" : "/bot_registered",
    "sourceCodeURL" : "",
    "type" : "objectAction",
    "typeSettings" : [ "oAuth2ApplicationExternalReferenceCode=liferay-telegram-etc-node-oauth-application-user-agent", "resourcePath=/bot_registered" ],
    "webContextPath" : "/telegram-bots"
  },
  "com.liferay.object.internal.configuration.FunctionObjectActionExecutorImplConfiguration~liferay-telegram-etc-node-object-action-bot-removed" : {
    ":configurator:policy" : "force",
    "baseURL" : "${portalURL}/o/telegram-bots",
    "buildTimestamp" : 1725273260257,
    "description" : "",
    "dxp.lxc.liferay.com.virtualInstanceId" : "default",
    "name" : "Liferay Telegram Node Object Action Bot Removed",
    "oAuth2ApplicationExternalReferenceCode" : "liferay-telegram-etc-node-oauth-application-user-agent",
    "projectId" : "telegrambots",
    "projectName" : "telegram-bots",
    "properties" : [ ],
    "resourcePath" : "/bot_removed",
    "sourceCodeURL" : "",
    "type" : "objectAction",
    "typeSettings" : [ "oAuth2ApplicationExternalReferenceCode=liferay-telegram-etc-node-oauth-application-user-agent", "resourcePath=/bot_removed" ],
    "webContextPath" : "/telegram-bots"
  }
}