[
    {
		"assetEntrySubtypeId": "[$DDM_STRUCTURE_ID:PRODUCT$]",
        "title": "products",
        "unicodeProperties": {
            "anyClassType": "anyClassTypeJournalArticleAssetRendererFactory",
            "classNameIds": "com.liferay.journal.model.JournalArticle",
            "classTypeIds": "classTypeIdsJournalArticleAssetRendererFactory",
            "orderBy": [
                {
                    "key": "orderByColumn1",
                    "value": "modifiedDate"
                },
                {
                    "key": "orderByType1",
                    "value": "ASC"
                },
                {
                    "key": "orderByType2",
                    "value": "ASC"
                }
            ],
            "query": [
                {
                    "key": "queryAndOperator",
                    "value": "true"
                },
                {
                    "key": "queryContains",
                    "value": "true"
                },
                {
                    "key": "queryName",
                    "value": "assetTags"
                }
            ]
        }
    },
    {
		"assetEntrySubtypeId": "[$DDM_STRUCTURE_ID:OFFER$]",
        "title": "offers",
        "unicodeProperties": {
            "anyClassType": "anyClassTypeJournalArticleAssetRendererFactory",
            "classNameIds": "com.liferay.journal.model.JournalArticle",
            "classTypeIds": "classTypeIdsJournalArticleAssetRendererFactory",
            "orderBy": [
                {
                    "key": "orderByColumn1",
                    "value": "modifiedDate"
                },
                {
                    "key": "orderByType1",
                    "value": "ASC"
                },
                {
                    "key": "orderByType2",
                    "value": "ASC"
                }
            ],
            "query": [
                {
                    "key": "queryAndOperator",
                    "value": "true"
                },
                {
                    "key": "queryContains",
                    "value": "true"
                },
                {
                    "key": "queryName",
                    "value": "assetTags"
                }
            ]
        }
    }
]