<?xml version="1.0"?>

<root available-locales="en_US" default-locale="en_US" version="1.0">
	<dynamic-element field-reference="resourceTitle" index-type="keyword" name="resourceTitle" type="text">
		<dynamic-content language-id="en_US"><![CDATA[Wealth Management 4]]></dynamic-content>
	</dynamic-element>
	<dynamic-element field-reference="resourceDescription" index-type="keyword" name="resourceDescription" type="text">
		<dynamic-content language-id="en_US"><![CDATA[How to prepare your finances for a future marriage.]]></dynamic-content>
	</dynamic-element>
	<dynamic-element field-reference="image" index-type="text" name="image" type="image">
		<dynamic-content language-id="en_US">
			<![CDATA[[$DOCUMENT_JSON:/site-initializer/documents/group/assets/web-content/resources/resource_1.svg$]]]>
		</dynamic-content>
	</dynamic-element>
</root>