<?xml version="1.0"?>

<root available-locales="en_US" default-locale="en_US" version="1.0">
	<dynamic-element field-reference="offerTitle" index-type="keyword" name="offerTitle" type="text">
		<dynamic-content language-id="en_US"><![CDATA[Send money from anywhere]]></dynamic-content>
	</dynamic-element>
	<dynamic-element field-reference="image" index-type="text" name="image" type="image">
		<dynamic-content language-id="en_US">
			<![CDATA[[$DOCUMENT_JSON:/site-initializer/documents/group/assets/web-content/offers/send-money-from-anywhere.svg$]]]>
		</dynamic-content>
	</dynamic-element>
	<dynamic-element field-reference="offerDescription" index-type="keyword" name="offerDescription" type="text">
		<dynamic-content language-id="en_US"><![CDATA[Pillar Pay allows you to make transfers anywhere in the world. Sign up today through the Pillar App.¹]]></dynamic-content>
	</dynamic-element>
</root>