<?xml version="1.0"?>

<root available-locales="en_US" default-locale="en_US" version="1.0">
	<dynamic-element field-reference="offerTitle" index-type="keyword" name="offerTitle" type="text">
		<dynamic-content language-id="en_US"><![CDATA[Earn 100,000 points intro offer]]></dynamic-content>
	</dynamic-element>
	<dynamic-element field-reference="image" index-type="text" name="image" type="image">
		<dynamic-content language-id="en_US">
			<![CDATA[[$DOCUMENT_JSON:/site-initializer/documents/group/assets/web-content/offers/earn.svg$]]]>
		</dynamic-content>
	</dynamic-element>
	<dynamic-element field-reference="offerDescription" index-type="keyword" name="offerDescription" type="text">
		<dynamic-content language-id="en_US"><![CDATA[Open a Pillar Premier card and get 100,000 points if you spend $4,000 in the first 3 months. That’s $1,250!²]]></dynamic-content>
	</dynamic-element>
</root>