{
	"pageElement": {
		"pageElements": [
			{
				"definition": {
					"fragmentStyle": {
						"backgroundColor": "colorBrandPrimaryLighten6",
						"paddingBottom": "6"
					},
					"fragmentViewports": [
						{
							"fragmentViewportStyle": {
								"paddingLeft": "3",
								"paddingRight": "3"
							},
							"id": "portraitMobile"
						}
					],
					"indexed": true,
					"layout": {
						"paddingBottom": 6
					}
				},
				"pageElements": [
					{
						"definition": {
							"indexed": true,
							"layout": {
								"widthType": "Fixed"
							}
						},
						"pageElements": [
							{
								"definition": {
									"gutters": true,
									"indexed": true,
									"modulesPerRow": 3,
									"numberOfColumns": 3,
									"reverseOrder": false,
									"rowViewports": [
										{
											"id": "landscapeMobile",
											"rowViewportDefinition": {
												"modulesPerRow": 1
											}
										},
										{
											"id": "portraitMobile",
											"rowViewportDefinition": {}
										},
										{
											"id": "tablet",
											"rowViewportDefinition": {}
										}
									],
									"verticalAlignment": "middle"
								},
								"pageElements": [
									{
										"definition": {
											"columnViewports": [
												{
													"columnViewportDefinition": {
														"size": 12
													},
													"id": "landscapeMobile"
												},
												{
													"columnViewportDefinition": {},
													"id": "portraitMobile"
												},
												{
													"columnViewportDefinition": {},
													"id": "tablet"
												}
											],
											"size": 4
										},
										"pageElements": [
											{
												"definition": {
													"fragment": {
														"key": "custom-slider",
														"siteKey": "[$GROUP_KEY$]"
													},
													"fragmentConfig": {
														"autoHidePlayButton": true,
														"numberOfSlides": 3
													},
													"fragmentFields": [],
													"fragmentStyle": {
														"backgroundColor": "",
														"textColor": ""
													},
													"indexed": true
												},
												"type": "Fragment"
											}
										],
										"type": "Column"
									},
									{
										"definition": {
											"columnViewports": [
												{
													"columnViewportDefinition": {
														"size": 12
													},
													"id": "landscapeMobile"
												},
												{
													"columnViewportDefinition": {},
													"id": "portraitMobile"
												},
												{
													"columnViewportDefinition": {},
													"id": "tablet"
												}
											],
											"size": 4
										},
										"pageElements": [
											{
												"definition": {
													"fragment": {
														"key": "DIALECT-dialect-text"
													},
													"fragmentConfig": {
														"textType": "h1",
														"truncateText": false
													},
													"fragmentFields": [
														{
															"id": "element-text",
															"value": {
																"fragmentLink": {},
																"text": {
																	"value_i18n": {
																		"en_US": "Open a bank account"
																	}
																}
															}
														}
													],
													"fragmentStyle": {
														"fontWeight": "fontWeightLight",
														"textColor": "colorNeutral10"
													},
													"indexed": true
												},
												"type": "Fragment"
											},
											{
												"definition": {
													"fragment": {
														"key": "DIALECT-dialect-text"
													},
													"fragmentConfig": {
														"textType": "h1",
														"truncateText": false
													},
													"fragmentFields": [
														{
															"id": "element-text",
															"value": {
																"fragmentLink": {},
																"text": {
																	"value_i18n": {
																		"en_US": "in 3 minutes"
																	}
																}
															}
														}
													],
													"fragmentStyle": {
														"fontWeight": "fontWeightLight",
														"marginBottom": "3",
														"textColor": "colorNeutral10"
													},
													"indexed": true
												},
												"type": "Fragment"
											},
											{
												"definition": {
													"fragment": {
														"key": "DIALECT-dialect-text"
													},
													"fragmentConfig": {
														"textType": "text-paragraph",
														"truncateText": false
													},
													"fragmentFields": [
														{
															"id": "element-text",
															"value": {
																"fragmentLink": {},
																"text": {
																	"value_i18n": {
																		"en_US": "Take control of your money with the top rated banking app among regional banks*"
																	}
																}
															}
														}
													],
													"fragmentStyle": {
														"fontWeight": "fontWeightLight",
														"marginBottom": "5",
														"textColor": "colorNeutral8"
													},
													"indexed": true
												},
												"type": "Fragment"
											},
											{
												"definition": {
													"fragment": {
														"key": "DIALECT-dialect-button"
													},
													"fragmentConfig": {
														"uppercase": false,
														"style": "secondary",
														"type": "borderless",
														"inverted": false,
														"buttonSize": ""
													},
													"fragmentFields": [
														{
															"id": "link",
															"value": {
																"fragmentLink": {
																	"value": {
																		"href": {
																			"mapping": {
																				"itemReference": {
																					"className": "com.liferay.portal.kernel.model.Layout",
																					"fields": [
																						{
																							"fieldName": "friendlyURL",
																							"fieldValue": "/onboarding"
																						},
																						{
																							"fieldName": "privatePage",
																							"fieldValue": "false"
																						},
																						{
																							"fieldName": "siteKey",
																							"fieldValue": "[$GROUP_KEY$]"
																						}
																					]
																				}
																			}
																		}
																	}
																},
																"text": {
																	"value_i18n": {
																		"en_US": "Get Started Today"
																	}
																}
															}
														}
													],
													"fragmentViewports": [
														{
															"fragmentViewportStyle": {
																"marginBottom": "3"
															},
															"id": "portraitMobile"
														}
													],
													"indexed": true
												},
												"type": "Fragment"
											}
										],
										"type": "Column"
									},
									{
										"definition": {
											"columnViewports": [
												{
													"columnViewportDefinition": {
														"size": 12
													},
													"id": "landscapeMobile"
												},
												{
													"columnViewportDefinition": {},
													"id": "portraitMobile"
												},
												{
													"columnViewportDefinition": {},
													"id": "tablet"
												}
											],
											"size": 4
										},
										"pageElements": [
											{
												"definition": {
													"fragmentStyle": {
														"backgroundColor": "colorNeutral0",
														"paddingBottom": "4",
														"paddingLeft": "4",
														"paddingRight": "4",
														"paddingTop": "4"
													},
													"indexed": true,
													"layout": {
														"paddingBottom": 2,
														"paddingLeft": 2,
														"paddingRight": 2,
														"paddingTop": 2
													}
												},
												"pageElements": [
													{
														"definition": {
															"fragmentStyle": {
																"marginBottom": "3"
															},
															"indexed": true,
															"layout": {
																"align": "Center",
																"contentDisplay": "FlexRow",
																"flexWrap": "Wrap",
																"marginBottom": 1
															}
														},
														"pageElements": [
															{
																"definition": {
																	"fragment": {
																		"key": "BASIC_COMPONENT-spacer"
																	},
																	"fragmentConfig": {
																		"height": "py-3"
																	},
																	"fragmentFields": [],
																	"fragmentStyle": {
																		"backgroundColor": "colorBrandPrimary",
																		"height": "3px",
																		"width": "30px"
																	},
																	"indexed": true
																},
																"type": "Fragment"
															},
															{
																"definition": {
																	"fragment": {
																		"key": "DIALECT-dialect-text"
																	},
																	"fragmentConfig": {
																		"textType": "h1",
																		"truncateText": false
																	},
																	"fragmentFields": [
																		{
																			"id": "element-text",
																			"value": {
																				"fragmentLink": {},
																				"text": {
																					"value_i18n": {
																						"en_US": "Log In"
																					}
																				}
																			}
																		}
																	],
																	"fragmentStyle": {
																		"marginLeft": "4"
																	},
																	"indexed": true
																},
																"type": "Fragment"
															}
														],
														"type": "Section"
													},
													{
														"definition": {
															"widgetInstance": {
																"widgetConfig": {
																	"displayStyleGroupId": "[$GROUP_ID$]"
																},
																"widgetName": "com_liferay_login_web_portlet_LoginPortlet"
															}
														},
														"type": "Widget"
													}
												],
												"type": "Section"
											}
										],
										"type": "Column"
									}
								],
								"type": "Row"
							}
						],
						"type": "Section"
					}
				],
				"type": "Section"
			},
			{
				"definition": {
					"fragmentStyle": {
						"paddingBottom": "5",
						"paddingTop": "5",
						"textAlign": "center"
					},
					"indexed": true,
					"layout": {
						"paddingBottom": 4,
						"paddingTop": 4,
						"widthType": "Fixed"
					}
				},
				"pageElements": [
					{
						"definition": {
							"collectionConfig": {
								"collectionReference": {
									"className": "com.liferay.asset.list.model.AssetListEntry",
									"classPK": "[$ASSET_LIST_ENTRY_ID:PRODUCTS$]"
								},
								"collectionType": "Collection"
							},
							"collectionViewports": [
								{
									"collectionViewportDefinition": {
										"numberOfColumns": 1
									},
									"id": "landscapeMobile"
								},
								{
									"collectionViewportDefinition": {
										"numberOfColumns": 1
									},
									"id": "portraitMobile"
								},
								{
									"collectionViewportDefinition": {
										"numberOfColumns": 1
									},
									"id": "tablet"
								}
							],
							"displayAllItems": false,
							"displayAllPages": true,
							"layout": {
								"align": "Center",
								"flexWrap": "Wrap",
								"justify": "SpaceBetween"
							},
							"listItemStyle": "",
							"listStyle": "",
							"numberOfColumns": 5,
							"numberOfItems": 5,
							"numberOfItemsPerPage": 20,
							"numberOfPages": 5,
							"paginationType": "None",
							"showAllItems": false,
							"templateKey": ""
						},
						"pageElements": [
							{
								"definition": {
									"collectionItemConfig": {}
								},
								"pageElements": [
									{
										"definition": {
											"fragmentViewports": [
												{
													"fragmentViewportStyle": {
														"paddingBottom": "3",
														"paddingTop": "3"
													},
													"id": "portraitMobile"
												}
											],
											"indexed": true,
											"layout": {
												"align": "Center",
												"contentDisplay": "FlexColumn",
												"flexWrap": "Wrap",
												"justify": "Center"
											}
										},
										"pageElements": [
											{
												"definition": {
													"fragment": {
														"key": "BASIC_COMPONENT-image"
													},
													"fragmentConfig": {
														"imageSize": "w-0"
													},
													"fragmentFields": [
														{
															"id": "image-square",
															"value": {
																"fragmentImage": {
																	"url": {
																		"mapping": {
																			"fieldKey": "image",
																			"itemReference": {
																				"contextSource": "CollectionItem"
																			}
																		}
																	}
																},
																"fragmentLink": {}
															}
														}
													],
													"fragmentStyle": {
														"marginBottom": "3"
													},
													"indexed": true
												},
												"type": "Fragment"
											},
											{
												"definition": {
													"fragment": {
														"key": "DIALECT-dialect-text"
													},
													"fragmentConfig": {
														"textType": "h5",
														"truncateText": false
													},
													"fragmentFields": [
														{
															"id": "element-text",
															"value": {
																"fragmentLink": {},
																"text": {
																	"mapping": {
																		"fieldKey": "name",
																		"itemReference": {
																			"contextSource": "CollectionItem"
																		}
																	}
																}
															}
														}
													],
													"fragmentStyle": {
														"fontWeight": "fontWeightLight",
														"textColor": "colorNeutral9"
													},
													"indexed": true
												},
												"type": "Fragment"
											}
										],
										"type": "Section"
									}
								],
								"type": "CollectionItem"
							}
						],
						"type": "Collection"
					}
				],
				"type": "Section"
			},
			{
				"definition": {
					"fragmentStyle": {
						"paddingTop": "5"
					},
					"fragmentViewports": [
						{
							"fragmentViewportStyle": {
								"paddingLeft": "3",
								"paddingRight": "3"
							},
							"id": "portraitMobile"
						}
					],
					"indexed": true,
					"layout": {
						"paddingTop": 4,
						"widthType": "Fixed"
					}
				},
				"pageElements": [
					{
						"definition": {
							"collectionConfig": {
								"collectionReference": {
									"className": "com.liferay.asset.list.model.AssetListEntry",
									"classPK": "[$ASSET_LIST_ENTRY_ID:OFFERS$]"
								},
								"collectionType": "Collection"
							},
							"collectionViewports": [
								{
									"collectionViewportDefinition": {
										"numberOfColumns": 1
									},
									"id": "landscapeMobile"
								},
								{
									"collectionViewportDefinition": {
										"numberOfColumns": 1
									},
									"id": "portraitMobile"
								},
								{
									"collectionViewportDefinition": {
										"numberOfColumns": 1
									},
									"id": "tablet"
								}
							],
							"displayAllItems": false,
							"displayAllPages": true,
							"listItemStyle": "",
							"listStyle": "",
							"numberOfColumns": 3,
							"numberOfItems": 5,
							"numberOfItemsPerPage": 20,
							"numberOfPages": 5,
							"paginationType": "None",
							"showAllItems": false,
							"templateKey": ""
						},
						"pageElements": [
							{
								"definition": {
									"collectionItemConfig": {}
								},
								"pageElements": [
									{
										"definition": {
											"fragmentStyle": {
												"minHeight": "425px"
											},
											"fragmentViewports": [
												{
													"fragmentViewportStyle": {
														"marginBottom": "4"
													},
													"id": "portraitMobile"
												}
											],
											"indexed": true,
											"layout": {
												"align": "Start",
												"contentDisplay": "FlexColumn",
												"flexWrap": "Wrap",
												"justify": "SpaceBetween"
											}
										},
										"pageElements": [
											{
												"definition": {
													"fragment": {
														"key": "DIALECT-dialect-text"
													},
													"fragmentConfig": {
														"textType": "h6",
														"truncateText": false
													},
													"fragmentFields": [
														{
															"id": "element-text",
															"value": {
																"fragmentLink": {},
																"text": {
																	"mapping": {
																		"fieldKey": "offerTitle",
																		"itemReference": {
																			"contextSource": "CollectionItem"
																		}
																	}
																}
															}
														}
													],
													"fragmentStyle": {
														"marginBottom": "2",
														"textColor": "colorBrandPrimaryDarken2"
													},
													"indexed": true
												},
												"type": "Fragment"
											},
											{
												"definition": {
													"fragment": {
														"key": "BASIC_COMPONENT-image"
													},
													"fragmentConfig": {
														"imageSize": "w-100"
													},
													"fragmentFields": [
														{
															"id": "image-square",
															"value": {
																"fragmentImage": {
																	"url": {
																		"mapping": {
																			"fieldKey": "image",
																			"itemReference": {
																				"contextSource": "CollectionItem"
																			}
																		}
																	}
																},
																"fragmentLink": {}
															}
														}
													],
													"fragmentStyle": {
														"marginBottom": "2"
													},
													"indexed": true
												},
												"type": "Fragment"
											},
											{
												"definition": {
													"fragment": {
														"key": "DIALECT-dialect-text"
													},
													"fragmentConfig": {
														"textType": "h5",
														"truncateText": false
													},
													"fragmentFields": [
														{
															"id": "element-text",
															"value": {
																"fragmentLink": {},
																"text": {
																	"mapping": {
																		"fieldKey": "offerDescription",
																		"itemReference": {
																			"contextSource": "CollectionItem"
																		}
																	}
																}
															}
														}
													],
													"fragmentStyle": {
														"fontWeight": "fontWeightNormal",
														"marginBottom": "3",
														"minHeight": "65px",
														"textColor": "colorNeutral10"
													},
													"indexed": true
												},
												"type": "Fragment"
											},
											{
												"definition": {
													"fragment": {
														"key": "DIALECT-dialect-button"
													},
													"fragmentConfig": {
														"uppercase": false,
														"style": "primary",
														"type": "solid",
														"inverted": false,
														"buttonSize": "btn-sm"
													},
													"fragmentFields": [
														{
															"id": "link",
															"value": {
																"fragmentLink": {
																	"value": {
																		"href": {
																			"mapping": {
																				"fieldKey": "displayPageURL",
																				"itemReference": {
																					"contextSource": "CollectionItem"
																				}
																			}
																		}
																	}
																},
																"text": {
																	"value_i18n": {
																		"en_US": "Get this Offer"
																	}
																}
															}
														}
													],
													"indexed": true
												},
												"type": "Fragment"
											}
										],
										"type": "Section"
									}
								],
								"type": "CollectionItem"
							}
						],
						"type": "Collection"
					}
				],
				"type": "Section"
			},
			{
				"definition": {
					"fragmentStyle": {
						"paddingBottom": "5",
						"paddingTop": "5",
						"textAlign": "center"
					},
					"indexed": true,
					"layout": {
						"paddingBottom": 4,
						"paddingTop": 4,
						"widthType": "Fixed"
					}
				},
				"pageElements": [
					{
						"definition": {
							"fragment": {
								"key": "DIALECT-dialect-button"
							},
							"fragmentConfig": {
								"uppercase": false,
								"style": "secondary",
								"type": "borderless",
								"inverted": false,
								"buttonSize": "btn-lg"
							},
							"fragmentFields": [
								{
									"id": "link",
									"value": {
										"fragmentLink": {
											"value": {
												"href": {
													"mapping": {
														"itemReference": {
															"className": "com.liferay.portal.kernel.model.Layout",
															"fields": [
																{
																	"fieldName": "friendlyURL",
																	"fieldValue": "/offers"
																},
																{
																	"fieldName": "privatePage",
																	"fieldValue": "false"
																}
															]
														}
													}
												}
											}
										},
										"text": {
											"value_i18n": {
												"en_US": "View more offers"
											}
										}
									}
								}
							],
							"indexed": true
						},
						"type": "Fragment"
					}
				],
				"type": "Section"
			}
		],
		"type": "Root"
	},
	"settings": {
		"styleBook": {
			"key": "main",
			"name": "main"
		},
		"themeName": "Dialect",
		"masterPage": {
			"key": "main"
		}
	},
	"version": 1.1
}
