{"definition":{"fragmentStyle":{"paddingTop":"5"},"indexed":true,"layout":{"paddingTop":4,"widthType":"Fixed"}},"id":"2fd15a6b-43fd-f65a-b3ec-40a20c44635a","pageElements":[{"definition":{"collectionConfig":{"collectionReference":{"className":"com.liferay.asset.list.model.AssetListEntry","classPK":34690},"collectionType":"Collection"},"collectionViewports":[{"collectionViewportDefinition":{"numberOfColumns":1},"id":"landscapeMobile"},{"collectionViewportDefinition":{"numberOfColumns":1},"id":"portraitMobile"},{"collectionViewportDefinition":{"numberOfColumns":1},"id":"tablet"}],"displayAllItems":false,"displayAllPages":true,"listItemStyle":"","listStyle":"","numberOfColumns":3,"numberOfItems":5,"numberOfItemsPerPage":20,"numberOfPages":5,"paginationType":"None","showAllItems":false,"templateKey":""},"id":"f909c0b7-6a28-050c-0080-074e5a091440","pageElements":[{"definition":{"collectionItemConfig":{}},"id":"b370df1b-c9d8-ae16-2180-d653f3d1485e","pageElements":[{"definition":{"fragmentStyle":{"minHeight":"425px"},"indexed":true,"layout":{"align":"Start","contentDisplay":"FlexColumn","flexWrap":"Wrap","justify":"SpaceBetween"}},"id":"62ca2cf6-b7d5-9ddd-e92c-117d84c6d11c","pageElements":[{"definition":{"fragment":{"key":"DIALECT-dialect-text"},"fragmentConfig":{"textType":"h6","truncateText":false},"fragmentFields":[{"id":"element-text","value":{"fragmentLink":{},"text":{"mapping":{"fieldKey":"DDMStructure_Text81265758","itemReference":{"contextSource":"CollectionItem"}}}}}],"fragmentStyle":{"marginBottom":"2","textColor":"colorBrandPrimaryDarken2"},"indexed":true},"id":"139bd662-5670-c4d2-cf3d-6a8392dbed3e","type":"Fragment"},{"definition":{"fragment":{"key":"BASIC_COMPONENT-image"},"fragmentConfig":{"imageSize":"w-100"},"fragmentFields":[{"id":"image-square","value":{"fragmentImage":{"url":{"mapping":{"fieldKey":"DDMStructure_Image53931646","itemReference":{"contextSource":"CollectionItem"}}}},"fragmentLink":{}}}],"fragmentStyle":{"marginBottom":"2"},"indexed":true},"id":"3b1d5445-bb4e-c989-ad57-e29ca8ed79d9","type":"Fragment"},{"definition":{"fragment":{"key":"DIALECT-dialect-text"},"fragmentConfig":{"textType":"h5","truncateText":false},"fragmentFields":[{"id":"element-text","value":{"fragmentLink":{},"text":{"mapping":{"fieldKey":"DDMStructure_Text40518169","itemReference":{"contextSource":"CollectionItem"}}}}}],"fragmentStyle":{"fontWeight":"fontWeightNormal","marginBottom":"3","minHeight":"65px","textColor":"colorNeutral10"},"indexed":true},"id":"7094059c-65d6-e3df-0ed8-2ea7ef9846c4","type":"Fragment"},{"definition":{"fragment":{"key":"DIALECT-dialect-button"},"fragmentConfig":{"uppercase":false,"style":"primary","type":"solid","inverted":false,"buttonSize":"btn-sm"},"fragmentFields":[{"id":"link","value":{"fragmentLink":{},"text":{"value_i18n":{"en_US":"Get this Offer"}}}}],"indexed":true},"id":"d3245ae5-c84c-3dd9-6a2f-a7188d1c6625","type":"Fragment"}],"type":"Section"}],"type":"CollectionItem"}],"type":"Collection"}],"type":"Section"}