{
  "configuration": {
    "className": "com.liferay.object.admin.rest.dto.v1_0.ObjectDefinition",
    "parameters": {
      "containsHeaders": "true",
      "createStrategy": "UPSERT",
      "onErrorFail": "false",
      "updateStrategy": "UPDATE"
    },
    "taskItemDelegateName": "DEFAULT"
  },
  "items": [
    {
      "enableComments": false,
      "objectRelationships": [
        {
          "objectDefinitionSystem2": false,
          "objectField": {
            "relationshipType": "oneToMany",
            "indexed": true,
            "localized": false,
            "objectRelationshipExternalReferenceCode": "08e4a8ba-8c6f-ac71-e4d4-272141d9b617",
            "objectFieldSettings": [
              { "name": "objectDefinition1ShortName", "value": "BotCommand" },
              {
                "name": "objectRelationshipERCObjectFieldName",
                "value": "r_previousCommand_c_botCommandERC"
              }
            ],
            "readOnly": "false",
            "DBType": "Long",
            "label": { "en_US": "Previous Command" },
            "type": "Long",
            "required": false,
            "externalReferenceCode": "56fbae6c-6654-959c-46f4-6e2df2ddd138",
            "indexedAsKeyword": false,
            "system": false,
            "indexedLanguageId": "",
            "unique": false,
            "name": "r_previousCommand_c_botCommandId",
            "objectDefinitionExternalReferenceCode1": "BOT_COMMAND",
            "state": false,
            "businessType": "Relationship",
            "readOnlyConditionExpression": ""
          },
          "parameterObjectFieldName": "",
          "parameterObjectFieldId": 0,
          "label": { "en_US": "Previous Command" },
          "reverse": false,
          "type": "oneToMany",
          "objectDefinitionModifiable2": true,
          "system": false,
          "name": "previousCommand",
          "deletionType": "prevent",
          "objectDefinitionExternalReferenceCode1": "BOT_COMMAND",
          "objectDefinitionExternalReferenceCode2": "BOT_COMMAND",
          "objectDefinitionName2": "BotCommand"
        }
      ],
      "objectFolderExternalReferenceCode": "default",
      "enableCategorization": false,
      "accountEntryRestrictedObjectFieldName": "",
      "objectActions": [],
      "enableLocalization": false,
      "accountEntryRestricted": false,
      "externalReferenceCode": "BOT_COMMAND",
      "objectFields": [
        {
          "indexed": false,
          "localized": false,
          "objectFieldSettings": [],
          "readOnly": "true",
          "DBType": "String",
          "label": { "en_US": "Author" },
          "type": "String",
          "required": false,
          "indexedAsKeyword": false,
          "system": true,
          "indexedLanguageId": "",
          "unique": false,
          "name": "creator",
          "state": false,
          "businessType": "Text",
          "readOnlyConditionExpression": ""
        },
        {
          "indexed": false,
          "localized": false,
          "objectFieldSettings": [],
          "readOnly": "true",
          "DBType": "Date",
          "label": { "en_US": "Create Date" },
          "type": "Date",
          "required": false,
          "indexedAsKeyword": false,
          "system": true,
          "indexedLanguageId": "",
          "unique": false,
          "name": "createDate",
          "state": false,
          "businessType": "Date",
          "readOnlyConditionExpression": ""
        },
        {
          "indexed": false,
          "localized": false,
          "objectFieldSettings": [],
          "readOnly": "false",
          "DBType": "String",
          "label": { "en_US": "External Reference Code" },
          "type": "String",
          "required": false,
          "indexedAsKeyword": false,
          "system": true,
          "indexedLanguageId": "",
          "unique": false,
          "name": "externalReferenceCode",
          "state": false,
          "businessType": "Text",
          "readOnlyConditionExpression": ""
        },
        {
          "indexed": true,
          "localized": false,
          "objectFieldSettings": [],
          "readOnly": "true",
          "DBType": "Long",
          "label": { "en_US": "ID" },
          "type": "Long",
          "required": false,
          "indexedAsKeyword": true,
          "system": true,
          "indexedLanguageId": "",
          "unique": false,
          "name": "id",
          "state": false,
          "businessType": "LongInteger",
          "readOnlyConditionExpression": ""
        },
        {
          "indexed": false,
          "localized": false,
          "objectFieldSettings": [],
          "readOnly": "true",
          "DBType": "Date",
          "label": { "en_US": "Modified Date" },
          "type": "Date",
          "required": false,
          "indexedAsKeyword": false,
          "system": true,
          "indexedLanguageId": "",
          "unique": false,
          "name": "modifiedDate",
          "state": false,
          "businessType": "Date",
          "readOnlyConditionExpression": ""
        },
        {
          "indexed": false,
          "localized": false,
          "objectFieldSettings": [],
          "readOnly": "true",
          "DBType": "String",
          "label": { "en_US": "Status" },
          "type": "String",
          "required": false,
          "indexedAsKeyword": false,
          "system": true,
          "indexedLanguageId": "",
          "unique": false,
          "name": "status",
          "state": false,
          "businessType": "Text",
          "readOnlyConditionExpression": ""
        },
        {
          "indexed": true,
          "localized": false,
          "objectFieldSettings": [],
          "readOnly": "false",
          "DBType": "String",
          "label": { "en_US": "Command" },
          "type": "String",
          "required": true,
          "indexedAsKeyword": false,
          "system": false,
          "indexedLanguageId": "en_US",
          "unique": false,
          "name": "command",
          "state": false,
          "businessType": "Text",
          "readOnlyConditionExpression": ""
        },
        {
          "indexed": true,
          "localized": false,
          "objectFieldSettings": [{ "name": "showCounter", "value": false }],
          "readOnly": "false",
          "DBType": "Clob",
          "label": { "en_US": "Response" },
          "type": "Clob",
          "required": false,
          "indexedAsKeyword": false,
          "system": false,
          "indexedLanguageId": "en_US",
          "unique": false,
          "name": "response",
          "state": false,
          "businessType": "LongText",
          "readOnlyConditionExpression": ""
        },
        {
          "listTypeDefinitionExternalReferenceCode": "BOT_COMMAND_RESPONSE_TYPE",
          "indexed": true,
          "localized": false,
          "objectFieldSettings": [],
          "readOnly": "false",
          "DBType": "String",
          "label": { "en_US": "Response Type" },
          "type": "String",
          "required": true,
          "indexedAsKeyword": false,
          "system": false,
          "indexedLanguageId": "en_US",
          "unique": false,
          "name": "responseType",
          "state": false,
          "businessType": "Picklist",
          "readOnlyConditionExpression": ""
        },
        {
          "indexed": true,
          "localized": false,
          "objectFieldSettings": [],
          "readOnly": "false",
          "DBType": "String",
          "label": { "en_US": "Title" },
          "type": "String",
          "required": true,
          "indexedAsKeyword": false,
          "system": false,
          "indexedLanguageId": "en_US",
          "unique": false,
          "name": "title",
          "state": false,
          "businessType": "Text",
          "readOnlyConditionExpression": ""
        },
        {
          "indexed": true,
          "localized": false,
          "objectFieldSettings": [],
          "readOnly": "false",
          "DBType": "String",
          "label": { "en_US": "Description" },
          "type": "String",
          "required": false,
          "indexedAsKeyword": false,
          "system": false,
          "indexedLanguageId": "en_US",
          "unique": false,
          "name": "description",
          "state": false,
          "businessType": "Text",
          "readOnlyConditionExpression": ""
        }
      ],
      "restContextPath": "/o/c/botcommands",
      "scope": "company",
      "portlet": true,
      "modifiable": true,
      "parameterRequired": false,
      "enableObjectEntryHistory": false,
      "titleObjectFieldName": "command",
      "objectValidationRules": [],
      "active": true,
      "defaultLanguageId": "en_US",
      "label": { "en_US": "Bot Command" },
      "panelCategoryKey": "applications_menu.applications.custom.apps",
      "pluralLabel": { "en_US": "Bot Commands" },
      "objectLayouts": [],
      "system": false,
      "objectViews": [],
      "enableObjectEntryDraft": false,
      "name": "BotCommand",
      "actions": {
        "permissions": {},
        "get": {},
        "update": {},
        "delete": {},
        "exportObjectDefinition": {}
      },
      "status": { "label_i18n": "Approved", "code": 0, "label": "approved" }
    }
  ]
}
