{
  "com.liferay.oauth2.provider.configuration.OAuth2ProviderApplicationHeadlessServerConfiguration~liferay-pillar-etc-node-oauth-application-headless-server" : {
    ".serviceAddress" : "localhost:3001",
    ".serviceScheme" : "http",
    ":configurator:policy" : "force",
    "baseURL" : "${portalURL}/o/liferay-pillar-etc-node",
    "buildTimestamp" : 1729504796957,
    "description" : "",
    "dxp.lxc.liferay.com.virtualInstanceId" : "default",
    "homePageURL" : "$[conf:.serviceScheme]://$[conf:.serviceAddress]",
    "name" : "Liferay Pillar Etc Node OAuth Application Headless Server",
    "projectId" : "liferaypillaretcnode",
    "projectName" : "liferay-pillar-etc-node",
    "properties" : [ ],
    "scopes" : [ "c_bankpayee.everything", "c_bankaccount.everything", "c_banktransaction.everything", "c_onboarding.everything", "Liferay.Headless.Admin.User.everything", "Liferay.Headless.Site.everything" ],
    "sourceCodeURL" : "",
    "type" : "oAuthApplicationHeadlessServer",
    "typeSettings" : [ ".serviceScheme=http", "scopes=c_bankpayee.everything\nc_bankaccount.everything\nc_banktransaction.everything\nc_onboarding.everything\nLiferay.Headless.Admin.User.everything\nLiferay.Headless.Site.everything", "userAccountScreenName=default-service-account", ".serviceAddress=localhost:3001" ],
    "userAccountScreenName" : "default-service-account",
    "webContextPath" : "/liferay-pillar-etc-node"
  },
  "com.liferay.oauth2.provider.configuration.OAuth2ProviderApplicationUserAgentConfiguration~liferay-pillar-etc-node-oauth-application-user-agent" : {
    ".serviceAddress" : "localhost:3001",
    ".serviceScheme" : "http",
    ":configurator:policy" : "force",
    "baseURL" : "${portalURL}/o/liferay-pillar-etc-node",
    "buildTimestamp" : 1729504796957,
    "description" : "",
    "dxp.lxc.liferay.com.virtualInstanceId" : "default",
    "homePageURL" : "$[conf:.serviceScheme]://$[conf:.serviceAddress]",
    "name" : "Liferay Pillar Etc Node OAuth Application User Agent",
    "projectId" : "liferaypillaretcnode",
    "projectName" : "liferay-pillar-etc-node",
    "properties" : [ ],
    "sourceCodeURL" : "",
    "type" : "oAuthApplicationUserAgent",
    "typeSettings" : [ ".serviceAddress=localhost:3001", ".serviceScheme=http" ],
    "webContextPath" : "/liferay-pillar-etc-node"
  },
  "com.liferay.object.internal.configuration.FunctionObjectActionExecutorImplConfiguration~liferay-pillar-etc-node-object-bank-action-transactions" : {
    ":configurator:policy" : "force",
    "baseURL" : "${portalURL}/o/liferay-pillar-etc-node",
    "buildTimestamp" : 1729504796957,
    "description" : "",
    "dxp.lxc.liferay.com.virtualInstanceId" : "default",
    "name" : "Liferay Pillar Node Object Action Bank Transactions",
    "oAuth2ApplicationExternalReferenceCode" : "liferay-pillar-etc-node-oauth-application-user-agent",
    "projectId" : "liferaypillaretcnode",
    "projectName" : "liferay-pillar-etc-node",
    "properties" : [ ],
    "resourcePath" : "/bank_transactions",
    "sourceCodeURL" : "",
    "type" : "objectAction",
    "typeSettings" : [ "oAuth2ApplicationExternalReferenceCode=liferay-pillar-etc-node-oauth-application-user-agent", "resourcePath=/bank_transactions" ],
    "webContextPath" : "/liferay-pillar-etc-node"
  },
  "com.liferay.object.internal.configuration.FunctionObjectActionExecutorImplConfiguration~liferay-pillar-etc-node-object-onboarding-approved" : {
    ":configurator:policy" : "force",
    "baseURL" : "${portalURL}/o/liferay-pillar-etc-node",
    "buildTimestamp" : 1729504796957,
    "description" : "",
    "dxp.lxc.liferay.com.virtualInstanceId" : "default",
    "name" : "Liferay Pillar Node Object Action Onboarding Approved",
    "oAuth2ApplicationExternalReferenceCode" : "liferay-pillar-etc-node-oauth-application-user-agent",
    "projectId" : "liferaypillaretcnode",
    "projectName" : "liferay-pillar-etc-node",
    "properties" : [ ],
    "resourcePath" : "/onboarding_approved",
    "sourceCodeURL" : "",
    "type" : "objectAction",
    "typeSettings" : [ "oAuth2ApplicationExternalReferenceCode=liferay-pillar-etc-node-oauth-application-user-agent", "resourcePath=/onboarding_approved" ],
    "webContextPath" : "/liferay-pillar-etc-node"
  }
}