{
	"configuration": {
		"className": "com.liferay.object.admin.rest.dto.v1_0.ObjectRelationship",
		"parameters": {
			"containsHeaders": "true",
			"createStrategy": "INSERT",
			"externalReferenceCode": "BANK_PAYEE",
			"onErrorFail": "false",
			"updateStrategy": "UPDATE"
		},
		"taskItemDelegateName": "DEFAULT"
	},
	"items": [
		{
			"deletionType": "prevent",
			"label": {
				"en_US": "Payee"
			},
			"name": "transactionPayee",
			"objectDefinitionExternalReferenceCode1": "BANK_PAYEE",
			"objectDefinitionExternalReferenceCode2": "BANK_TRANSACTION",
			"type": "oneToMany"
		}
	]
}