{
	"configuration": {
		"className": "com.liferay.headless.admin.list.type.dto.v1_0.ListTypeDefinition",
		"parameters": {
			"containsHeaders": "true",
			"createStrategy": "UPSERT",
			"onErrorFail": "false",
			"updateStrategy": "UPDATE"
		},
		"taskItemDelegateName": "DEFAULT"
	},
	"items": [
		{
			"externalReferenceCode": "BOT_COMMAND_RESPONSE_TYPE",
			"listTypeEntries": [
				{
					"externalReferenceCode": "TEXT",
					"key": "text",
					"name": "Text",
					"name_i18n": {
						"en-US": "Text"
					}
				},
				{
					"externalReferenceCode": "WEBHOOK",
					"key": "webhook",
					"name": "Webhook",
					"name_i18n": {
						"en-US": "Webhook"
					}
				}
			],
			"name": "Bot Command Response Type",
			"name_i18n": {
				"en-US": "Bot Command Response Type"
			}
		}
	]
}