{
  "com.liferay.oauth2.provider.configuration.OAuth2ProviderApplicationHeadlessServerConfiguration~liferay-bot-etc-node-oauth-application-headless-server" : {
    ".serviceAddress" : "localhost:3001",
    ".serviceScheme" : "http",
    ":configurator:policy" : "force",
    "baseURL" : "${portalURL}/o/liferay-bot-etc-node",
    "buildTimestamp" : 1730143622754,
    "description" : "",
    "dxp.lxc.liferay.com.virtualInstanceId" : "default",
    "homePageURL" : "$[conf:.serviceScheme]://$[conf:.serviceAddress]",
    "name" : "Liferay Bot Etc Node OAuth Application Headless Server",
    "projectId" : "liferaybotetcnode",
    "projectName" : "liferay-bot-etc-node",
    "properties" : [ ],
    "scopes" : [ "c_bot.everything", "c_botcommand.everything", "c_botchat.everything" ],
    "sourceCodeURL" : "",
    "type" : "oAuthApplicationHeadlessServer",
    "typeSettings" : [ ".serviceScheme=http", "scopes=c_bot.everything\nc_botcommand.everything\nc_botchat.everything", "userAccountScreenName=default-service-account", ".serviceAddress=localhost:3001" ],
    "userAccountScreenName" : "default-service-account",
    "webContextPath" : "/liferay-bot-etc-node"
  },
  "com.liferay.oauth2.provider.configuration.OAuth2ProviderApplicationUserAgentConfiguration~liferay-bot-etc-node-oauth-application-user-agent" : {
    ".serviceAddress" : "localhost:3001",
    ".serviceScheme" : "http",
    ":configurator:policy" : "force",
    "baseURL" : "${portalURL}/o/liferay-bot-etc-node",
    "buildTimestamp" : 1730143622753,
    "description" : "",
    "dxp.lxc.liferay.com.virtualInstanceId" : "default",
    "homePageURL" : "$[conf:.serviceScheme]://$[conf:.serviceAddress]",
    "name" : "Liferay Bot Etc Node OAuth Application User Agent",
    "projectId" : "liferaybotetcnode",
    "projectName" : "liferay-bot-etc-node",
    "properties" : [ ],
    "sourceCodeURL" : "",
    "type" : "oAuthApplicationUserAgent",
    "typeSettings" : [ ".serviceAddress=localhost:3001", ".serviceScheme=http" ],
    "webContextPath" : "/liferay-bot-etc-node"
  },
  "com.liferay.object.internal.configuration.FunctionObjectActionExecutorImplConfiguration~liferay-bot-etc-node-object-action-bot-registered" : {
    ":configurator:policy" : "force",
    "baseURL" : "${portalURL}/o/liferay-bot-etc-node",
    "buildTimestamp" : 1730143622754,
    "description" : "",
    "dxp.lxc.liferay.com.virtualInstanceId" : "default",
    "name" : "Liferay Bot Node Object Action Bot Registered",
    "oAuth2ApplicationExternalReferenceCode" : "liferay-bot-etc-node-oauth-application-user-agent",
    "projectId" : "liferaybotetcnode",
    "projectName" : "liferay-bot-etc-node",
    "properties" : [ ],
    "resourcePath" : "/bot_registered",
    "sourceCodeURL" : "",
    "type" : "objectAction",
    "typeSettings" : [ "oAuth2ApplicationExternalReferenceCode=liferay-bot-etc-node-oauth-application-user-agent", "resourcePath=/bot_registered" ],
    "webContextPath" : "/liferay-bot-etc-node"
  },
  "com.liferay.object.internal.configuration.FunctionObjectActionExecutorImplConfiguration~liferay-bot-etc-node-object-action-bot-removed" : {
    ":configurator:policy" : "force",
    "baseURL" : "${portalURL}/o/liferay-bot-etc-node",
    "buildTimestamp" : 1730143622754,
    "description" : "",
    "dxp.lxc.liferay.com.virtualInstanceId" : "default",
    "name" : "Liferay Bot Node Object Action Bot Removed",
    "oAuth2ApplicationExternalReferenceCode" : "liferay-bot-etc-node-oauth-application-user-agent",
    "projectId" : "liferaybotetcnode",
    "projectName" : "liferay-bot-etc-node",
    "properties" : [ ],
    "resourcePath" : "/bot_removed",
    "sourceCodeURL" : "",
    "type" : "objectAction",
    "typeSettings" : [ "oAuth2ApplicationExternalReferenceCode=liferay-bot-etc-node-oauth-application-user-agent", "resourcePath=/bot_removed" ],
    "webContextPath" : "/liferay-bot-etc-node"
  }
}