{
    "articleId": "product_2",
    "ddmStructureKey": "product",
    "ddmTemplateKey": "",
    "folder": "products",
    "name": "investing",
    "content": "<?xml version=\"1.0\"?>\n\n<root available-locales=\"en_US\" default-locale=\"en_US\" version=\"1.0\">\n\t<dynamic-element field-reference=\"Text67124109\" index-type=\"keyword\" instance-id=\"k1JW4HOQ\" name=\"Text67124109\" type=\"text\">\n\t\t<dynamic-content language-id=\"en_US\"><![CDATA[Investing]]></dynamic-content>\n\t</dynamic-element>\n\t<dynamic-element field-reference=\"Image36393748\" index-type=\"text\" instance-id=\"rTTHccgT\" name=\"Image36393748\" type=\"image\">\n\t\t<dynamic-content language-id=\"en_US\"><![CDATA[{\"groupId\":\"33467\",\"alt\":\"\",\"name\":\"investing.svg\",\"width\":\"104\",\"description\":\"\",\"title\":\"investing\",\"type\":\"document\",\"uuid\":\"d2a70465-5d16-bce9-8030-83f7107c00f5\",\"fileEntryId\":\"34333\",\"resourcePrimKey\":\"34377\",\"url\":\"/documents/d/pillar/investing\",\"height\":\"90\"}]]></dynamic-content>\n\t</dynamic-element>\n</root>"
}