<?xml version="1.0"?>

<root available-locales="en_US" default-locale="en_US" version="1.0">
	<dynamic-element field-reference="name" index-type="keyword" name="name" type="text">
		<dynamic-content language-id="en_US"><![CDATA[Credit Cards]]></dynamic-content>
	</dynamic-element>
	<dynamic-element field-reference="image" index-type="text" name="image" type="image">
		<dynamic-content language-id="en_US">
			<![CDATA[[$DOCUMENT_JSON:/site-initializer/documents/group/assets/web-content/products/credit-cards.svg$]]]>
		</dynamic-content>
	</dynamic-element>
</root>